-0.121097 -95.055183,59.900058 78.755107,-60.019052 91.179640,39.989112 -62.038857,19.960339 113.650109,-79.460942 -84.703090,79.421930 -15.469562,-20.187454 146.270801,-40.173201 -38.076082,59.900058 168.755107,-60.019052 -178.820360,-0.121097 -5.055183,19.960339 -156.349891,-79.460942 5.296910,39.989112 27.961143,-20.187454 -123.729199,-40.173201 51.923918,79.421930 74.530438
1.700984 -95.066622,58.101246 79.056638,-61.809036 91.531609,41.801262 -61.965541,18.139896 113.652164,-77.753772 -81.929944,81.100418 -11.617903,-22.004637 146.276004,-38.365038 -38.012490,58.101246 169.056638,-61.809036 -178.468391,1.700984 -5.066622,18.139896 -156.347836,-77.753772 8.070056,41.801262 28.034459,-22.004637 -123.723996,-38.365038 51.987510,81.100418 78.382097
3.523138 -95.077841,56.300571 79.317249,-63.596522 91.942465,43.612427 -61.880725,16.319061 113.651610,-76.023274 -79.860364,82.717409 -5.979279,-23.821104 146.284556,-36.555798 -37.958041,56.300571 169.317249,-63.596522 -178.057535,3.523138 -5.077841,16.319061 -156.348390,-76.023274 10.139636,43.612427 28.119275,-23.821104 -123.715444,-36.555798 52.041959,82.717409 84.020721
5.345312 -95.088609,54.498215 79.543195,-65.381135 92.425002,45.422557 -61.782925,14.497881 113.648771,-74.277004 -78.267506,84.221246 2.771454,-25.636809 146.296865,-34.745521 -37.911757,54.498215 169.543195,-65.381135 -177.574998,5.345312 -5.088609,14.497881 -156.351229,-74.277004 11.732494,45.422557 28.217075,-25.636809 -123.703135,-34.745521 52.088243,84.221246 92.771454
7.167451 -95.098692,52.694325 79.739542,-67.162375 92.995938,47.231594 -61.670415,12.676407 113.643946,-72.519540 -77.011094,85.497288 17.072175,-27.451713 146.313379,-32.934245 -37.872775,52.694325 169.739542,-67.162375 -177.004062,7.167451 -5.098692,12.676407 -156.356054,-72.519540 12.988906,47.231594 28.329585,-27.451713 -123.686621,-32.934245 52.127225,85.497288 107.072175
8.989504 -95.107853,50.889020 79.910430,-68.939567 93.677544,49.039474 -61.541172,10.854690 113.637419,-70.753800 -76.000287,86.301866 39.832476,-29.265775 146.334589,-31.122009 -37.840333,50.889020 169.910430,-68.939567 -176.322456,8.989504 -5.107853,10.854690 -156.362581,-70.753800 13.999713,49.039474 28.458828,-29.265775 -123.665411,-31.122009 52.159667,86.301866 129.832476
10.811418 -95.115843,49.082399 80.059282,-70.711778 94.500122,50.846125 -61.392806,9.032780 113.629460,-68.981722 -75.173905,86.312350 68.045803,-31.078954 146.361039,-29.308851 -37.813751,49.082399 170.059282,-70.711778 -175.499878,10.811418 -5.115843,9.032780 -156.370540,-68.981722 14.826095,50.846125 28.607194,-31.078954 -123.638961,-29.308851 52.186249,86.312350 158.045803
12.633141 -95.122407,47.274548 80.188951,-72.477687 95.505930,52.651462 -61.222478,7.210729 113.620324,-67.204637 -74.489340,85.523160 91.014805,-32.891212 146.393335,-27.494810 -37.792423,47.274548 170.188951,-72.477687 -174.494070,12.633141 -5.122407,7.210729 -156.379676,-67.204637 15.510660,52.651462 28.777522,-32.891212 -123.606665,-27.494810 52.207577,85.523160 -178.985195
14.454621 -95.127275,45.465538 80.301834,-74.235377 96.755602,54.455387 -61.026781,5.388591 113.610260,-65.423484 -73.916059,84.254848 105.486989,-34.702511 146.432153,-25.679926 -37.775804,45.465538 170.301834,-74.235377 -173.244398,14.454621 -5.127275,5.388591 -156.389740,-65.423484 16.083941,54.455387 28.973219,-34.702511 -123.567847,-25.679926 52.224196,84.254848 -164.513011
16.275809 -95.130165,43.655433 80.399962,-75.981958 98.339092,56.257781 -60.801592,3.566418 113.599505,-63.638945 -73.431635,82.754728 114.335986,-36.512813 146.478254,-23.864239 -37.763400,43.655433 170.399962,-75.981958 -171.660908,16.275809 -5.130165,3.566418 -156.400495,-63.638945 16.568365,56.257781 29.198408,-36.512813 -123.521746,-23.864239 52.236600,82.754728 -155.664014
18.096653 -95.130777,41.844291 80.485068,-77.712902 100.395165,58.058497 -60.541872,1.744263 113.588295,-61.851522 -73.019237,81.139673 120.029778,-38.322078 146.532497,-22.047790 -37.754764,41.844291 170.485068,-77.712902 -169.604835,18.096653 -5.130777,1.744263 -156.411705,-61.851522 16.980763,58.058497 29.458128,-38.322078 -123.467503,-22.047790 52.245236,81.139673 -149.970222
19.917105 -95.128788,40.032165 80.558642,-79.420749 103.147958,59.857357 -60.241397,-0.077821 113.576858,-60.061593 -72.665995,79.462288 123.914084,-40.130267 146.595860,-20.230623 -37.749486,40.032165 170.558642,-79.420749 -166.852042,19.917105 -5.128788,-0.077821 -156.423142,-60.061593 17.334005,59.857357 29.758603,-40.130267 -123.404140,-20.230623 52.250514,79.462288 -146.085916
21.737117 -95.123854,38.219102 80.621969,-81.092428 106.979233,61.654131 -59.892387,-1.899781 113.565424,-58.269449 -72.361901,77.748032 126.698196,-41.937340 146.669459,-18.412780 -37.747191,38.219102 170.621969,-81.092428 -163.020767,21.737117 -5.123854,-1.899781 -156.434576,-58.269449 17.638099,61.654131 30.107613,-41.937340 -123.330541,-18.412780 52.252809,77.748032 -143.301804
23.556641 -95.115602,36.405151 80.676169,-82.703268 112.577700,63.448529 -59.484987,-3.721563 113.554219,-56.475313 -72.099060,76.010331 128.773743,-43.743253 146.754577,-16.594308 -37.747531,36.405151 170.676169,-82.703268 -157.422300,23.556641 -5.115602,-3.721563 -156.445781,-56.475313 17.900940,63.448529 30.515013,-43.743253 -123.245423,-16.594308 52.252469,76.010331 -141.226257
25.375632 -95.103625,34.590354 80.722222,-84.202570 121.245545,65.240173 -59.006531,-5.543115 113.543476,-54.679361 -71.871158,74.256824 130.369861,-45.547960 146.852698,-14.775251 -37.750183,34.590354 170.722222,-84.202570 -148.754455,25.375632 -5.103625,-5.543115 -156.456524,-54.679361 18.128842,65.240173 30.993469,-45.547960 -123.147302,-14.775251 52.249817,74.256824 -139.630139
27.194043 -95.087478,32.774756 80.760988,-85.478219 135.376258,67.028561 -58.440469,-7.364384 113.533426,-52.881736 -71.673088,72.492134 131.628003,-47.351409 146.965549,-12.955658 -37.754844,32.774756 170.760988,-85.478219 -134.623742,27.194043 -5.087478,-7.364384 -156.466574,-52.881736 18.326912,67.028561 31.559531,-47.351409 -123.034451,-12.955658 52.245156,72.492134 -138.371997
29.011830 -95.066674,30.958401 80.793231,-86.291925 157.870373,68.813020 -57.764765,-9.185320 113.524309,-51.082551 -71.500673,70.719207 132.639646,-49.153542 147.095154,-11.135577 -37.761231,30.958401 170.793231,-86.291925 -112.129627,29.011830 -5.066674,-9.185320 -156.475691,-51.082551 18.499327,68.813020 32.235235,-49.153542 -122.904846,-11.135577 52.238769,70.719207 -137.360354
30.828949 -95.040670,29.141331 80.819627,-86.323120 -174.037812,70.592619 -56.949451,-11.005870 113.516373,-49.281901 -71.350461,68.939998 133.466332,-50.954294 147.243900,-9.315056 -37.769074,29.141331 170.819627,-86.323120 -84.037812,30.828949 -5.040670,-11.005870 -156.483627,-49.281901 18.649539,70.592619 33.050549,-50.954294 -122.756100,-9.315056 52.230926,68.939998 -136.533668
32.645357 -95.008865,27.323590 80.840784,-85.555300 -150.923417,72.366050 -55.952752,-12.825984 113.509873,-47.479864 -71.219576,67.155852 134.150879,-52.753586 147.414626,-7.494147 -37.778115,27.323590 170.840784,-85.555300 -60.923417,32.645357 -5.008865,-12.825984 -156.490127,-47.479864 18.780424,72.366050 34.047248,-52.753586 -122.585374,-7.494147 52.221885,67.155852 -135.849121
34.461010 -94.970588,25.505222 80.857245,-84.302789 -136.280589,74.131409 -54.714761,-14.645614 113.505080,-45.676506 -71.105602,65.367719 134.723947,-54.551326 147.610739,-5.672899 -37.788106,25.505222 170.857245,-84.302789 -46.280589,34.461010 -4.970588,-14.645614 -156.494920,-45.676506 18.894398,74.131409 35.285239,-54.551326 -122.389261,-5.672899 52.211894,65.367719 -135.276053
36.275865 -94.925082,23.686271 80.869504,-82.814644 -127.318258,75.885841 -53.146658,-16.464710 113.502275,-43.871888 -71.006492,63.576289 135.208043,-56.347401 147.836359,-3.851366 -37.798808,23.686271 170.869504,-82.814644 -37.318258,36.275865 -4.925082,-16.464710 -156.497725,-43.871888 18.993508,75.885841 36.853342,-56.347401 -122.163641,-3.851366 52.201192,63.576289 -134.791957
38.089878 -94.871493,21.866783 80.878008,-81.209622 -121.554145,77.624874 -51.111512,-18.283226 113.501760,-42.066059 -70.920499,61.782073 135.620049,-58.141671 148.096517,-2.029598 -37.809987,21.866783 170.878008,-81.209622 -31.554145,38.089878 -4.871493,-18.283226 -156.498240,-42.066059 19.079501,77.624874 38.888488,-58.141671 -121.903483,-2.029598 52.190013,61.782073 -134.379951
39.903006 -94.808851,20.046805 80.883166,-79.541266 -117.624744,79.341153 -48.388306,-20.101114 113.503856,-40.259067 -70.846124,59.985458 135.972865,-59.933965 148.397432,-0.207650 -37.821413,20.046805 170.883166,-79.541266 -27.624744,39.903006 -4.808851,-20.101114 -156.496144,-40.259067 19.153876,79.341153 41.611694,-59.933965 -121.602568,-0.207650 52.178587,59.985458 -134.027135
41.715201 -94.736049,18.226382 80.885353,-77.835472 -114.810255,81.021810 -44.600804,-21.918331 113.508909,-38.450956 -70.782070,58.186739 136.276520,-61.724060 148.746870,1.614427 -37.832857,18.226382 170.885353,-77.835472 -24.810255,41.715201 -4.736049,-21.918331 -156.491091,-38.450956 19.217930,81.021810 45.399196,-61.724060 -121.253130,1.614427 52.167143,58.186739 -133.723480
43.526414 -94.651811,16.405565 80.884916,-76.105880 -112.713286,82.642588 -39.070363,-23.734832 113.517293,-36.641766 -70.727211,56.386148 136.538922,-63.511672 149.154666,3.436579 -37.844091,16.405565 170.884916,-76.105880 -22.713286,43.526414 -4.651811,-23.734832 -156.482707,-36.641766 19.272789,82.642588 50.929637,-63.511672 -120.845334,3.436579 52.155909,56.386148 -133.461078
45.336594 -94.554664,14.584400 80.882178,-74.360239 -111.101459,84.153677 -30.512074,-25.550575 113.529414,-34.831538 -70.680559,54.583869 136.766393,-65.296432 149.633455,5.258753 -37.854886,14.584400 170.882178,-74.360239 -21.101459,45.336594 -4.554664,-25.550575 -156.470586,-34.831538 19.319441,84.153677 59.487926,-65.296432 -120.366545,5.258753 52.145114,54.583869 -133.233607
47.145685 -94.442896,12.762939 80.877441,-72.603231 -109.831416,85.444773 -16.548447,-27.365518 113.545717,-33.020308 -70.641249,52.780048 136.964045,-67.077846 150.199740,7.080895 -37.865007,12.762939 170.877441,-72.603231 -19.831416,47.145685 -4.442896,-27.365518 -156.454283,-33.020308 19.358751,85.444773 73.451553,-67.077846 -119.800260,7.080895 52.134993,52.780048 -133.035955
48.953621 -94.314498,10.941232 80.870989,-70.837834 -108.810508,86.279501 5.790766,-29.179620 113.566692,-31.208117 -70.608512,50.974808 137.136060,-68.855249 150.875479,8.902954 -37.874217,10.941232 170.870989,-70.837834 -18.810508,48.953621 -4.314498,-29.179620 -156.433308,-31.208117 19.391488,86.279501 95.790766,-68.855249 -119.124521,8.902954 52.125783,50.974808 -132.863940
50.760332 -94.167102,9.119330 80.863091,-69.066024 -107.976445,86.331905 33.982128,-30.992843 113.592880,-29.395002 -70.581666,49.168248 137.285891,-70.627722 151.690518,10.724875 -37.882269,9.119330 170.863091,-69.066024 -17.976445,50.760332 -4.167102,-30.992843 -156.407120,-29.395002 19.418334,86.331905 123.982128,-70.627722 -118.309482,10.724875 52.117731,49.168248 -132.714109
52.565734 -93.997889,7.297285 80.854006,-67.289152 -107.285911,85.574112 57.364005,-32.805146 113.624883,-27.581002 -70.560101,47.360453 137.416413,-72.393969 152.686428,12.546608 -37.888906,7.297285 170.854006,-67.289152 -17.285911,52.565734 -3.997889,-32.805146 -156.375117,-27.581002 19.439899,85.574112 147.364005,-72.393969 -117.313572,12.546608 52.111094,47.360453 -132.583587
54.369728 -93.803484,5.475150 80.843980,-65.508176 -106.707904,84.321676 72.184914,-34.616491 113.663375,-25.766157 -70.543269,45.551497 137.530045,-74.152104 153.922770,14.368102 -37.893862,5.475150 170.843980,-65.508176 -16.707904,54.369728 -3.803484,-34.616491 -156.336625,-25.766157 19.456731,84.321676 162.184914,-74.152104 -116.077230,14.368102 52.106138,45.551497 -132.469955
56.172198 -93.579802,3.652977 80.833253,-63.723785 -106.219677,82.829179 81.234620,-36.426841 113.709112,-23.950507 -70.530676,43.741443 137.628833,-75.899299 155.487753,16.189304 -37.896852,3.652977 170.833253,-63.723785 -16.219677,56.172198 -3.579802,-36.426841 -156.290888,-23.950507 19.469324,82.829179 171.234620,-75.899299 -114.512247,16.189304 52.103148,43.741443 -132.371167
57.972998 -93.321852,1.830820 80.822059,-61.936489 -105.804175,81.218079 87.040958,-38.236156 113.762947,-22.134094 -70.521870,41.930349 137.714522,-77.631124 157.517182,18.010165 -37.897579,1.830820 170.822059,-61.936489 -15.804175,57.972998 -3.321852,-38.236156 -156.237053,-22.134094 19.478130,81.218079 177.040958,-77.631124 -112.482818,18.010165 52.102421,41.930349 -132.285478
59.771950 -93.023475,0.008731 80.810628,-60.146673 -105.448368,79.542944 90.991719,-40.044397 113.825853,-20.316960 -70.516442,40.118268 137.788613,-79.340305 160.229894,19.830637 -37.895721,0.008731 170.810628,-60.146673 -15.448368,59.771950 -3.023475,-40.044397 -156.174147,-20.316960 19.483558,79.542944 -179.008281,-79.340305 -109.770106,19.830637 52.104279,40.118268 -132.211387
61.568829 -92.676975,-1.813236 80.799188,-58.354628 -105.142133,77.830072 93.817502,-41.851524 113.898938,-18.499148 -70.514013,38.305249 137.852400,-81.014132 163.997634,21.650671 -37.890936,-1.813236 170.799188,-58.354628 -15.142133,61.568829 -2.676975,-41.851524 -156.101062,-18.499148 19.485987,77.830072 -176.182498,-81.014132 -106.002366,21.650671 52.109064,38.305249 -132.147600
63.363348 -92.272609,-3.635027 80.787968,-56.560582 -104.877485,76.093281 95.920611,-43.657493 113.983477,-16.680705 -70.514235,36.491339 137.907011,-82.628715 169.489234,23.470220 -37.882850,-3.635027 170.787968,-56.560582 -14.877485,63.363348 -2.272609,-43.657493 -156.016523,-16.680705 19.485765,76.093281 -174.079389,-82.628715 -100.510766,23.470220 52.117150,36.491339 -132.092989
65.155133 -91.797867,-5.456591 80.777197,-54.764714 -104.648048,74.340403 97.535794,-45.462258 114.080944,-14.861675 -70.516784,34.676581 137.953430,-84.135153 177.967496,25.289236 -37.871059,-5.456591 170.777197,-54.764714 -14.648048,65.155133 -1.797867,-45.462258 -155.919056,-14.861675 19.483216,74.340403 -172.464206,-84.135153 -92.032504,25.289236 52.128941,34.676581 -132.046570
66.943690 -91.236414,-7.277875 80.767109,-52.967165 -104.448662,72.576168 98.807623,-47.265768 114.193052,-13.042106 -70.521357,32.861021 137.992525,-85.425559 -168.233602,27.107676 -37.855122,-7.277875 170.767109,-52.967165 -14.448662,66.943690 -1.236414,-47.265768 -155.806948,-13.042106 19.478643,72.576168 -171.192377,-85.425559 -78.233602,27.107676 52.144878,32.861021 -132.007475
68.728353 -90.566522,-9.098828 80.757942,-51.168052 -104.275111,70.803582 99.829400,-49.067966 114.321809,-11.222047 -70.527668,31.044700 138.025061,-86.268828 -146.158939,28.925494 -37.834550,-9.098828 170.757942,-51.168052 -14.275111,68.728353 -0.566522,-49.067966 -155.678191,-11.222047 19.472332,70.803582 -170.170600,-86.268828 -56.158939,28.925494 52.165450,31.044700 -131.974939
70.508210 -89.758672,-10.919397 80.749944,-49.367470 -104.123914,69.024637 100.663786,-50.868785 114.469586,-9.401546 -70.535447,29.227663 138.051721,-86.341571 -118.103276,30.742646 -37.808806,-10.919397 170.749944,-49.367470 -14.123914,70.508210 0.241328,-50.868785 -155.530414,-9.401546 19.464553,69.024637 -169.336214,-86.341571 -28.103276,30.742646 52.191194,29.227663 -131.948279
72.281971 -88.771770,-12.739533 80.743371,-47.565497 -103.992169,67.240701 101.354313,-52.668148 114.639196,-7.580654 -70.544437,27.409953 138.073114,-85.605363 -94.583235,32.559088 -37.777292,-12.739533 170.743371,-47.565497 -13.992169,72.281971 1.228230,-52.668148 -155.360804,-7.580654 19.455563,67.240701 -168.645687,-85.605363 -4.583235,32.559088 52.222708,27.409953 -131.926886
74.047769 -87.546965,-14.559187 80.738489,-45.762201 -103.877441,65.452740 101.932115,-54.465964 114.834016,-5.759421 -70.554389,25.591614 138.089787,-84.368973 -79.589481,34.374778 -37.739338,-14.559187 170.738489,-45.762201 -13.877441,74.047769 2.453035,-54.465964 -155.165984,-5.759421 19.445611,65.452740 -168.067885,-84.368973 10.410519,34.374778 52.260662,25.591614 -131.910213
75.802804 -85.997158,-16.378310 80.735584,-43.957641 -103.777666,63.661454 102.420019,-56.262121 115.058128,-3.937900 -70.565062,23.772690 138.102235,-82.888580 -70.423864,36.189672 -37.694194,-16.378310 170.735584,-43.957641 -13.777666,75.802804 4.002842,-56.262121 -154.941872,-3.937900 19.434938,63.661454 -167.579981,-82.888580 19.576136,36.189672 52.305806,23.772690 -131.897765
77.542705 -83.988337,-18.196854 80.734953,-42.151868 -103.691085,61.867361 102.835130,-58.056481 115.316516,-2.116143 -70.576224,21.953226 138.110908,-81.287579 -64.545626,38.003727 -37.641010,-18.196854 170.734953,-42.151868 -13.691085,77.542705 6.011663,-58.056481 -154.683484,-2.116143 19.423776,61.867361 -167.164870,-81.287579 25.454374,38.003727 52.358990,21.953226 -131.889092
79.260297 -81.304701,-20.014774 80.736917,-40.344931 -103.616189,60.070852 103.190512,-59.848873 115.615333,-0.294201 -70.587643,20.133270 138.116216,-79.621508 -60.548857,39.816897 -37.578823,-20.014774 170.736917,-40.344931 -13.616189,79.260297 8.695299,-59.848873 -154.384667,-0.294201 19.412357,60.070852 -166.809488,-79.621508 29.451143,39.816897 52.421177,20.133270 -131.883784
80.943070 -77.579879,-21.832023 80.741822,-38.536872 -103.551672,58.272228 103.496309,-61.639078 115.962262,1.527871 -70.599091,18.312868 138.118536,-77.917120 -57.692157,41.629137 -37.506530,-21.832023 170.741822,-38.536872 -13.551672,80.943070 12.420121,-61.639078 -154.037738,1.527871 19.400909,58.272228 -166.503691,-77.917120 32.307843,41.629137 52.493470,18.312868 -131.881464
82.567531 -72.154826,-23.648560 80.750038,-36.727733 -103.496399,56.471721 103.760517,-63.426816 116.367026,3.350020 -70.610341,16.492068 138.118216,-76.188451 -55.567288,43.440399 -37.422867,-23.648560 170.750038,-36.727733 -13.496399,82.567531 17.845174,-63.426816 -153.632974,3.350020 19.389659,56.471721 -166.239483,-76.188451 34.432712,43.440399 52.577133,16.492068 -131.881784
84.085636 -63.783659,-25.464339 80.761972,-34.917552 -103.449378,54.669519 103.989523,-65.211721 116.842105,5.172194 -70.621162,14.670918 138.115580,-74.443448 -53.936175,45.250629 -37.326371,-25.464339 170.761972,-34.917552 -13.449378,84.085636 26.216341,-65.211721 -153.157895,5.172194 19.378838,54.669519 -166.010477,-74.443448 36.063825,45.250629 52.673629,14.670918 -131.884420
85.391259 -50.149330,-27.279321 80.778066,-33.106370 -103.409737,52.865769 104.188491,-66.993308 117.403787,6.994339 -70.631320,12.849470 138.110932,-72.686903 -52.652294,47.059772 -37.215340,-27.279321 170.778066,-33.106370 -13.409737,85.391259 39.850670,-66.993308 -152.596213,6.994339 19.368680,52.865769 -165.811509,-72.686903 37.347706,47.059772 52.784660,12.849470 -131.889068
86.255306 -28.235038,-29.093464 80.798807,-31.294223 -103.376703,51.060593 104.361641,-68.770920 118.073726,8.816403 -70.640579,11.027774 138.104555,-70.921854 -51.621147,48.867765 -37.087782,-29.093464 170.798807,-31.294223 -13.376703,86.255306 61.764962,-68.770920 -151.926274,8.816403 19.359421,51.060593 -165.638359,-70.921854 38.378853,48.867765 52.912218,11.027774 -131.895445
86.349549 -0.094807,-30.906729 80.824734,-29.481151 -103.349592,49.254094 104.512456,-70.543653 118.881320,10.638332 -70.648692,9.205880 138.096720,-69.150314 -50.779307,50.674536 -36.941348,-30.906729 170.824734,-29.481151 -13.349592,86.349549 89.905193,-70.543653 -151.118680,10.638332 19.351308,49.254094 -165.487544,-69.150314 39.220693,50.674536 53.058652,9.205880 -131.903280
85.623975 23.692743,-32.719077 80.856447,-27.667192 -103.327789,47.446356 104.643838,-72.310232 119.867464,12.460075 -70.655402,7.383840 138.087686,-67.373659 -50.082735,52.480002 -36.773243,-32.719077 170.856447,-27.667192 -13.327789,85.623975 113.692743,-72.310232 -150.132536,12.460075 19.344598,47.446356 -165.356162,-67.373659 39.917265,52.480002 53.226757,7.383840 -131.912314
84.387989 38.870041,-34.530469 80.894614,-25.852387 -103.310744,45.637453 104.758223,-74.068808 121.090671,14.281581 -70.660443,5.561708 138.077699,-65.592860 -49.499951,54.284066 -36.580121,-34.530469 170.894614,-25.852387 -13.310744,84.387989 128.870041,-74.068808 -148.909329,14.281581 19.339557,45.637453 -165.241777,-65.592860 40.500049,54.284066 53.419879,5.561708 -131.922301
82.903373 48.126160,-36.340866 80.939988,-24.036774 -103.297960,43.827450 104.857674,-75.816606 122.637448,16.102798 -70.663534,3.739536 138.067000,-63.808618 -49.007882,56.086611 -36.357934,-36.340866 170.939988,-24.036774 -13.297960,82.903373 138.126160,-75.816606 -147.362552,16.102798 19.336466,43.827450 -165.142326,-63.808618 40.992118,56.086611 53.642066,3.739536 -131.933000
81.296345 54.048067,-38.150232 80.993418,-22.220396 -103.288984,42.016405 104.943950,-77.549296 124.640713,17.923677 -70.664375,1.917377 138.055823,-62.021451 -48.589247,57.887494 -36.101742,-38.150232 170.993418,-22.220396 -13.288984,81.296345 144.048067,-77.549296 -145.359287,17.923677 19.335625,42.016405 -165.056050,-62.021451 41.410753,57.887494 53.898258,1.917377 -131.944177
79.623517 58.066873,-39.958525 81.055869,-20.403295 -103.283404,40.204370 105.018561,-79.259782 127.314157,19.744168 -70.662648,0.095284 138.044398,-60.231747 -48.230853,59.686539 -35.805445,-39.958525 171.055869,-20.403295 -13.283404,79.623517 148.066873,-79.259782 -142.685843,19.744168 19.337352,40.204370 -164.981439,-60.231747 41.769147,59.686539 54.194555,0.095284 -131.955602
77.912060 60.935206,-41.765706 81.128443,-18.585515 -103.280841,38.391394 105.082811,-80.935707 131.019820,21.564224 -70.658010,-1.726690 138.032953,-58.439803 -47.922458,61.483523 -35.461432,-41.765706 171.128443,-18.585515 -13.280841,77.912060 150.935206,-80.935707 -138.980180,21.564224 19.341990,38.391394 -164.917189,-58.439803 42.077542,61.483523 54.538568,-1.726690 -131.967047
76.176195 63.066394,-43.571731 81.212406,-16.767100 -103.280945,36.577525 105.137834,-82.553927 136.407302,23.383797 -70.650090,-3.548491 138.021717,-56.645848 -47.655990,63.278161 -35.060073,-43.571731 171.212406,-16.767100 -13.280945,76.176195 153.066394,-82.553927 -133.592698,23.383797 19.349910,36.577525 -164.862166,-56.645848 42.344010,63.278161 54.939927,-3.548491 -131.978283
74.423956 64.700962,-45.376554 81.309222,-14.948097 -103.283390,34.762806 105.184622,-84.067271 144.701201,25.202840 -70.638485,-5.370067 138.010920,-54.850062 -47.425006,65.070086 -34.589009,-45.376554 171.309222,-14.948097 -13.283390,74.423956 154.700962,-84.067271 -125.298799,25.202840 19.361515,34.762806 -164.815378,-54.850062 42.574994,65.070086 55.410991,-5.370067 -131.989080
72.660183 65.986684,-47.180125 81.420592,-13.128553 -103.287873,32.947283 105.224046,-85.371922 158.175998,27.021308 -70.622755,-7.191366 138.000794,-53.052591 -47.224294,66.858809 -34.032116,-47.180125 171.420592,-13.128553 -13.287873,72.660183 155.986684,-85.371922 -111.824002,27.021308 19.377245,32.947283 -164.775954,-53.052591 42.775706,66.858809 55.967884,-7.191366 -131.999206
70.887942 67.018734,-48.982386 81.548508,-11.308516 -103.294108,31.130998 105.256878,-86.243931 179.827936,28.839156 -70.602415,-9.012335 137.991578,-51.253550 -47.049600,68.643676 -33.367970,-48.982386 171.548508,-11.308516 -13.294108,70.887942 157.018734,-86.243931 -90.172064,28.839156 19.397585,31.130998 -164.743122,-51.253550 42.950400,68.643676 56.632030,-9.012335 -132.008422
69.109265 67.860917,-50.783272 81.695321,-9.488035 -103.301824,29.313994 105.283803,-86.358112 -152.181259,30.656341 -70.576930,-10.832924 137.983519,-49.453035 -46.897410,70.423787 -32.567493,-50.783272 171.695321,-9.488035 -13.301824,69.109265 157.860917,-86.358112 -62.181259,30.656341 19.423070,29.313994 -164.716197,-49.453035 43.102590,70.423787 57.432507,-10.832924 -132.016481
67.325541 68.557495,-52.582707 81.863823,-7.667160 -103.310761,27.496315 105.305433,-85.654323 -128.263499,32.472818 -70.545704,-12.653082 137.976872,-47.651127 -46.764800,72.197874 -31.590255,-52.582707 171.863823,-7.667160 -13.310761,67.325541 158.557495,-85.654323 -38.263499,32.472818 19.454296,27.496315 -164.694567,-47.651127 43.235200,72.197874 58.409745,-12.653082 -132.023128
65.537754 69.140081,-54.380599 82.057359,-5.845943 -103.320673,25.678004 105.322319,-84.434633 -112.911314,34.288545 -70.508073,-14.472759 137.971904,-45.847892 -46.649312,73.964104 -30.378445,-54.380599 172.057359,-5.845943 -13.320673,65.537754 159.140081,-84.434633 -22.911314,34.288545 19.491927,25.678004 -164.677681,-45.847892 43.350688,73.964104 59.621555,-14.472759 -132.028096
63.746613 69.631831,-56.176837 82.279975,-4.024434 -103.331318,23.859107 105.334958,-82.962256 -103.536662,36.103478 -70.463289,-16.291908 137.968897,-44.043391 -46.548869,75.719734 -28.846638,-56.176837 172.279975,-4.024434 -13.331318,63.746613 159.631831,-82.962256 -13.536662,36.103478 19.536711,23.859107 -164.665042,-44.043391 43.451131,75.719734 61.153362,-16.291908 -132.031103
61.952644 70.050078,-57.971286 82.536606,-2.202686 -103.342461,22.039668 105.343800,-81.365394 -97.541234,37.917573 -70.410507,-18.110481 137.968151,-42.237675 -46.461698,77.460487 -26.863666,-57.971286 172.536606,-2.202686 -13.342461,61.952644 160.050078,-81.365394 -7.541234,37.917573 19.589493,22.039668 -164.656200,-42.237675 43.538302,77.460487 63.136334,-18.110481 -132.031849
60.156242 70.408048,-59.763776 82.833342,-0.380753 -103.353873,20.219734 105.349259,-79.701666 -93.475485,39.730786 -70.348771,-19.928431 137.969985,-40.430792 -46.386278,79.179365 -24.218798,-59.763776 172.833342,-0.380753 -13.353873,60.156242 160.408048,-79.701666 -3.475485,39.730786 19.651229,20.219734 -164.650741,-40.430792 43.613722,79.179365 65.781202,-19.928431 -132.030015
58.357712 70.716005,-61.554091 83.177784,1.441314 -103.365325,18.399352 105.351713,-77.998714 -90.575680,41.543072 -70.276986,-21.745714 137.974742,-38.622785 -46.321294,80.864203 -20.555221,-61.554091 173.177784,1.441314 -13.365325,58.357712 160.716005,-77.998714 -0.575680,41.543072 19.723014,18.399352 -164.648287,-38.622785 43.678706,80.864203 69.444779,-21.745714 -132.025258
56.557291 70.982033,-63.341954 83.579543,3.263461 -103.376589,16.578570 105.351511,-76.270986 -88.422387,43.354381 -70.193894,-23.562285 137.982792,-36.813696 -46.265606,82.492243 -15.232844,-63.341954 173.579543,3.263461 -13.376589,56.557291 160.982033,-76.270986 1.577613,43.354381 19.806106,16.578570 -164.648489,-36.813696 43.734394,82.492243 74.767156,-23.562285 -132.017208
54.755165 71.212586,-65.127003 84.050949,5.085635 -103.387436,14.757436 105.348978,-74.526632 -86.771664,45.164662 -70.098044,-25.378102 137.994539,-35.003565 -46.218213,84.017138 -7.043630,-65.127003 174.050949,5.085635 -13.387436,54.755165 161.212586,-74.526632 3.228336,45.164662 19.901956,14.757436 -164.651022,-35.003565 43.781787,84.017138 82.956370,-25.378102 -132.005461
52.951486 71.412879,-66.908761 84.608078,6.907783 -103.397632,12.936001 105.344418,-72.770556 -85.473737,46.973858 -69.987746,-27.193122 138.010425,-33.192429 -46.178240,85.336782 6.269200,-66.908761 174.608078,6.907783 -13.397632,52.951486 161.412879,-72.770556 4.526263,46.973858 20.012254,12.936001 -164.655582,-33.192429 43.821760,85.336782 96.269200,-27.193122 -131.989575
51.146376 71.587171,-68.686579 85.272282,8.729851 -103.406938,11.114315 105.338118,-71.005860 -84.432209,48.781907 -69.861024,-29.007306 138.030934,-31.380327 -46.144909,86.229313 27.755974,-68.686579 175.272282,8.729851 -13.406938,51.146376 161.587171,-71.005860 5.567791,48.781907 20.138976,11.114315 -164.661882,-31.380327 43.855091,86.229313 117.755974,-29.007306 -131.969066
49.339937 71.738977,-70.459570 86.072521,10.551788 -103.415111,9.292429 105.330346,-69.234592 -83.582495,50.588738 -69.715545,-30.820614 138.056602,-29.567298 -46.117530,86.365254 55.816198,-70.459570 176.072521,10.551788 -13.415111,49.339937 161.738977,-69.234592 6.417505,50.588738 20.284455,9.292429 -164.669654,-29.567298 43.882470,86.365254 145.816198,-30.820614 -131.943398
47.532256 71.871224,-72.226477 87.049030,12.373542 -103.421894,7.470396 105.321363,-67.458156 -82.879814,52.394268 -69.548541,-32.633006 138.088025,-27.753381 -46.095488,85.672712 80.000775,-72.226477 177.049030,12.373542 -13.421894,47.532256 161.871224,-67.458156 7.120186,52.394268 20.451459,7.470396 -164.678637,-27.753381 43.904512,85.672712 170.000775,-32.633006 -131.911975
45.723407 71.986367,-73.985487 88.259294,14.195060 -103.427021,5.648267 105.311416,-65.677536 -82.292201,54.198401 -69.356693,-34.444444 138.125869,-25.938614 -46.078229,84.453768 95.542017,-73.985487 178.259294,14.195060 -13.427021,45.723407 161.986367,-65.677536 7.707799,54.198401 20.643307,5.648267 -164.688584,-25.938614 43.921771,84.453768 -174.457983,-34.444444 -131.874131
43.913455 72.086485,-75.733879 89.788158,16.016292 -103.430211,3.826095 105.300746,-63.893445 -81.796252,56.001021 -69.135990,-36.254890 138.170882,-24.123039 -46.065253,82.977303 105.010406,-75.733879 179.788158,16.016292 -13.430211,43.913455 162.086485,-63.893445 8.203748,56.001021 20.864010,3.826095 -164.699254,-24.123039 43.934747,82.977303 -164.989594,-36.254890 -131.829118
42.102458 72.173351,-77.467420 91.765730,17.837188 -103.431166,2.003934 105.289586,-62.106407 -81.374455,57.801987 -68.881541,-38.064305 138.223908,-22.306696 -46.056106,81.374468 111.051002,-77.467420 -178.234270,17.837188 -13.431166,42.102458 162.173351,-62.106407 8.625545,57.801987 21.118459,2.003934 -164.710414,-22.306696 43.943894,81.374468 -158.948998,-38.064305 -131.776092
40.290469 72.248485,-79.179184 94.400700,19.657699 -103.429568,0.181837 105.278168,-60.316817 -81.013451,59.601123 -68.587308,-39.872650 138.285907,-20.489629 -46.050373,79.704005 115.139491,-79.179184 -175.599300,19.657699 -13.429568,40.290469 162.248485,-60.316817 8.986549,59.601123 21.412692,0.181837 -164.721832,-20.489629 43.949627,79.704005 -154.860509,-39.872650 -131.714093
38.477537 72.313201,-80.857155 98.045699,21.477776 -103.425077,-1.640144 105.266719,-58.524973 -80.702878,61.398211 -68.245761,-41.679884 138.357973,-18.671880 -46.047675,77.993994 118.051278,-80.857155 -171.954301,21.477776 -13.425077,38.477537 162.313201,-58.524973 9.297122,61.398211 21.754239,-1.640144 -164.733281,-18.671880 43.952325,77.993994 -151.948722,-41.679884 -131.642027
36.663709 72.368639,-82.478913 103.331728,23.297373 -103.417321,-3.461954 105.255468,-56.731109 -80.434575,63.192968 -67.847381,-43.485966 138.441364,-16.853494 -46.047659,76.259073 120.211073,-82.478913 -166.668272,23.297373 -13.417321,36.663709 162.368639,-56.731109 9.565425,63.192968 22.152619,-3.461954 -164.744532,-16.853494 43.952341,76.259073 -149.788927,-43.485966 -131.558636
34.849030 72.415797,-83.998942 111.446338,25.116442 -103.405901,-5.283542 105.244644,-54.935407 -80.202031,64.985032 -67.379958,-45.290847 138.537533,-15.034518 -46.050001,74.507484 121.865352,-83.998942 -158.553662,25.116442 -13.405901,34.849030 162.415797,-54.935407 9.797969,64.985032 22.620042,-5.283542 -164.755356,-15.034518 43.949999,74.507484 -148.134648,-45.290847 -131.462467
33.033544 72.455553,-85.317341 124.604729,26.934939 -103.390377,-7.104855 105.234481,-53.138013 -79.999985,66.773921 -66.827578,-47.094479 138.648169,-13.214999 -46.054394,72.744179 123.165179,-85.317341 -145.395271,26.934939 -13.390377,33.033544 162.455553,-53.138013 10.000015,66.773921 23.172422,-7.104855 -164.765519,-13.214999 43.945606,72.744179 -146.834821,-47.094479 -131.351831
31.217294 72.488682,-86.217268 145.831858,28.752817 -103.370268,-8.925841 105.225217,-51.339044 -79.824139,68.558989 -66.169112,-48.896803 138.775249,-11.394984 -46.060552,70.972288 124.207644,-86.217268 -124.168142,28.752817 -13.370268,31.217294 162.488682,-51.339044 10.175861,68.558989 23.830888,-8.925841 -164.774783,-11.394984 43.939448,70.972288 -145.792356,-48.896803 -131.224751
29.400323 72.515873,-86.372716 173.729462,30.570034 -103.345041,-10.746449 105.217097,-49.538598 -79.670951,70.339350 -65.375918,-50.697757 138.921105,-9.574523 -46.068203,69.193881 125.057722,-86.372716 -96.270538,30.570034 -13.345041,29.400323 162.515873,-49.538598 10.329049,70.339350 24.624082,-10.746449 -164.782903,-9.574523 43.931797,69.193881 -144.942278,-50.697757 -131.078895
27.582675 72.537742,-85.702144 -161.964427,32.386546 -103.314102,-12.566629 105.210376,-47.736754 -79.537469,72.113759 -64.408217,-52.497262 139.088506,-7.753666 -46.077088,67.410372 125.760421,-85.702144 -71.964427,32.386546 -13.314102,27.582675 162.537742,-47.736754 10.462531,72.113759 25.591783,-12.566629 -164.789624,-7.753666 43.922912,67.410372 -144.239579,-52.497262 -130.911494
25.764394 72.554842,-84.499750 -146.246441,34.202309 -103.276791,-14.386330 105.205323,-45.933581 -79.421218,73.880416 -63.209210,-54.295229 139.280768,-5.932463 -46.086959,65.622760 126.347844,-84.499750 -56.246441,34.202309 -13.276791,25.764394 162.554842,-45.933581 10.578782,73.880416 26.790790,-14.386330 -164.794677,-5.932463 43.913041,65.622760 -143.652156,-54.295229 -130.719232
23.945523 72.567671,-83.035663 -136.656855,36.017281 -103.232365,-16.205506 105.202216,-44.129138 -79.320103,75.636631 -61.695114,-56.091549 139.501898,-4.110967 -46.097574,63.831765 126.843478,-83.035663 -46.656855,36.017281 -13.232365,23.945523 162.567671,-44.129138 10.679897,75.636631 28.304886,-16.205506 -164.797784,-4.110967 43.902426,63.831765 -143.156522,-56.091549 -130.498102
22.126109 72.576685,-81.443063 -130.541074,37.831417 -103.179984,-18.024107 105.201356,-42.323479 -79.232337,77.378221 -59.737527,-57.886087 139.756786,-2.289230 -46.108699,62.037921 127.264890,-81.443063 -40.541074,37.831417 -13.179984,22.126109 162.576685,-42.323479 10.767663,77.378221 30.262473,-18.024107 -164.798644,-2.289230 43.891301,62.037921 -142.735110,-57.886087 -130.243214
20.306198 72.582295,-79.781737 -126.404684,39.644673 -103.118697,-19.842088 105.203059,-40.516651 -79.156390,79.098359 -57.130646,-59.678674 140.051459,-0.467304 -46.120104,60.241627 127.625471,-79.781737 -36.404684,39.644673 -13.118697,20.306198 162.582295,-40.516651 10.843610,79.098359 32.869354,-19.842088 -164.796941,-0.467304 43.879896,60.241627 -142.374529,-59.678674 -129.948541
18.485836 72.584884,-78.080254 -123.460856,41.457004 -103.047416,-21.659403 105.207669,-38.708696 -79.090938,80.785212 -53.526919,-61.469098 140.393435,1.354758 -46.131559,58.443193 127.935606,-78.080254 -33.460856,41.457004 -13.047416,18.485836 162.584884,-38.708696 10.909062,80.785212 36.473081,-21.659403 -164.792331,1.354758 43.868441,58.443193 -142.064394,-61.469098 -129.606565
16.665071 72.584800,-76.353483 -121.278603,43.268361 -102.964893,-23.476009 105.215554,-36.899658 -79.034831,82.416732 -48.304591,-63.257085 140.792218,3.176902 -46.142837,56.642857 128.203469,-76.353483 -31.278603,43.268361 -12.964893,16.665071 162.584800,-36.899658 10.965169,82.416732 41.695409,-23.476009 -164.784446,3.176902 43.857163,56.642857 -141.796531,-63.257085 -129.207782
14.843953 72.582371,-74.609790 -119.607940,45.078691 -102.869685,-25.291862 105.227116,-35.089575 -78.987066,83.948200 -40.292306,-65.042278 141.259986,4.999076 -46.153709,54.840808 128.435580,-74.609790 -29.607940,45.078691 -12.869685,14.843953 162.582371,-35.089575 11.012934,83.948200 49.707694,-25.291862 -164.772884,4.999076 43.846291,54.840808 -141.564420,-65.042278 -128.740014
13.022531 72.577901,-72.854190 -118.295753,46.887941 -102.760116,-27.106922 105.242795,-33.278486 -78.946758,85.281374 -27.293200,-66.824205 141.812608,6.821226 -46.163941,53.037200 128.637208,-72.854190 -28.295753,46.887941 -12.760116,13.022531 162.577901,-33.278486 11.053242,85.281374 62.706800,-27.106922 -164.757205,6.821226 43.836059,53.037200 -141.362792,-66.824205 -128.187392
11.200856 72.571677,-71.089850 -117.243701,48.696046 -102.634223,-28.921146 105.263072,-31.466429 -78.913127,86.201562 -6.235378,-68.602228 142.471142,8.643300 -46.173295,51.232155 128.812650,-71.089850 -27.243701,48.696046 -12.634223,11.200856 162.571677,-31.466429 11.086873,86.201562 83.764622,-28.921146 -164.736928,8.643300 43.826705,51.232155 -141.187350,-68.602228 -127.528858
9.378978 72.563970,-69.318859 -116.386012,50.502936 -102.489695,-30.734496 105.288482,-29.653443 -78.885481,86.378994 21.716415,-70.375473 143.264116,10.465244 -46.181527,49.425778 128.965454,-69.318859 -26.386012,50.502936 -12.489695,9.378978 162.563970,-29.653443 11.114519,86.378994 111.716415,-30.734496 -164.711518,10.465244 43.818473,49.425778 -141.034546,-70.375473 -126.735884
7.556951 72.555039,-67.542643 -115.677151,52.308530 -102.323783,-32.546932 105.319617,-27.839567 -78.863198,85.720285 46.287893,-72.142705 144.231119,12.287007 -46.188382,47.618154 129.098571,-67.542643 -25.677151,52.308530 -12.323783,7.556951 162.555039,-27.839567 11.136802,85.720285 136.287893,-32.546932 -164.680383,12.287007 43.811618,47.618154 -140.901429,-72.142705 -125.768881
5.734825 72.545132,-65.762204 -115.084657,54.112732 -102.133199,-34.358417 105.357140,-26.024840 -78.845724,84.518994 62.200478,-73.902142 145.428628,14.108538 -46.193594,45.809359 129.214477,-65.762204 -25.084657,54.112732 -12.133199,5.734825 162.545132,-26.024840 11.154276,84.518994 152.200478,-34.358417 -164.642860,14.108538 43.806406,45.809359 -140.785523,-73.902142 -124.571372
3.912654 72.534490,-63.978265 -114.584789,55.915427 -101.913970,-36.168911 105.401794,-24.209302 -78.832554,83.050961 71.887153,-75.651120 146.939866,15.929785 -46.196883,43.999458 129.315267,-63.978265 -24.584789,55.915427 -11.913970,3.912654 162.534490,-24.209302 11.167446,83.050961 161.887153,-36.168911 -164.598206,15.929785 43.803117,43.999458 -140.684733,-75.651120 -123.060134
2.090492 72.523349,-62.191358 -114.159799,57.716475 -101.661250,-37.978376 105.454419,-22.392995 -78.823235,81.452443 78.049657,-77.385494 148.892206,17.750698 -46.197951,42.188509 129.402726,-62.191358 -24.159799,57.716475 -11.661250,2.090492 162.523349,-22.392995 11.176765,81.452443 168.049657,-37.978376 -164.545581,17.750698 43.802049,42.188509 -140.597274,-77.385494 -121.107794
0.268390 72.511937,-60.401881 -113.796161,59.515703 -101.369064,-39.786773 105.515968,-20.575961 -78.817349,79.784405 82.209515,-79.098511 151.489473,19.571228 -46.196482,40.376566 129.478387,-60.401881 -23.796161,59.515703 -11.369064,0.268390 162.511937,-20.575961 11.182651,79.784405 172.209515,-39.786773 -164.484032,19.571228 43.803518,40.376566 -140.521613,-79.098511 -118.510527
-1.553597 72.500485,-58.610139 -113.483392,61.312894 -101.029963,-41.594061 105.587529,-18.758244 -78.814515,78.075873 85.165684,-80.778481 155.075184,21.391327 -46.192136,38.563678 129.543570,-58.610139 -23.483392,61.312894 -11.029963,-1.553597 162.500485,-18.758244 11.185485,78.075873 175.165684,-41.594061 -164.412471,21.391327 43.807864,38.563678 -140.456430,-80.778481 -114.924816
-3.375417 72.489219,-56.816366 -113.213241,63.107769 -100.634534,-43.400198 105.670351,-16.939887 -78.814380,76.341913 87.354628,-82.403678 160.262344,23.210948 -46.184544,36.749891 129.599425,-56.816366 -23.213241,63.107769 -10.634534,-3.375417 162.489219,-16.939887 11.185620,76.341913 177.354628,-43.400198 -164.329649,23.210948 43.815456,36.749891 -140.400575,-82.403678 -109.737656
-5.197017 72.478370,-55.020748 -112.979126,64.899971 -100.170716,-45.205137 105.765876,-15.120938 -78.816616,74.590986 89.028952,-83.930179 168.202591,25.030043 -46.173308,34.935252 129.646956,-55.020748 -22.979126,64.899971 -10.170716,-5.197017 162.478370,-15.120938 11.183384,74.590986 179.028952,-45.205137 -164.234124,25.030043 43.826692,34.935252 -140.353044,-83.930179 -101.797409
-7.018344 72.468170,-53.223431 -112.775734,66.689023 -99.622801,-47.008829 105.875783,-13.301444 -78.820918,72.828155 90.343098,-85.261849 -178.947755,26.848568 -46.157990,33.119803 129.687045,-53.223431 -22.775734,66.689023 -9.622801,-7.018344 162.468170,-13.301444 11.179082,72.828155 -179.656902,-47.008829 -164.124217,26.848568 43.842010,33.119803 -140.312955,-85.261849 -88.947755
-8.839347 72.458858,-51.424535 -112.598729,68.474291 -98.969952,-48.811218 106.002032,-11.481451 -78.826998,71.056619 91.396123,-86.188877 -158.146400,28.666477 -46.138110,31.303588 129.720473,-51.424535 -22.598729,68.474291 -8.969952,-8.839347 162.458858,-11.481451 11.173002,71.056619 -178.603877,-48.811218 -163.997968,28.666477 43.861890,31.303588 -140.279527,-86.188877 -68.146400
-10.659974 72.450678,-49.624157 -112.444536,70.254900 -98.183952,-50.612238 106.146937,-9.661010 -78.834584,69.278486 92.254197,-86.385360 -130.369819,30.483726 -46.113138,29.486651 129.747932,-49.624157 -22.444536,70.254900 -8.183952,-10.659974 162.450678,-9.661010 11.165416,69.278486 -177.745803,-50.612238 -163.853063,30.483726 43.886862,29.486651 -140.252068,-86.385360 -40.369819
-12.480175 72.443885,-47.822377 -112.310177,72.029628 -97.225661,-52.411814 106.313245,-7.840170 -78.843417,67.495194 92.963088,-85.748785 -105.686205,32.300273 -46.082486,27.669034 129.770040,-47.822377 -22.310177,72.029628 -7.225661,-12.480175 162.443885,-7.840170 11.156583,67.495194 -177.036912,-52.411814 -163.686755,32.300273 43.917514,27.669034 -140.229960,-85.748785 -15.686205
-14.299900 72.438746,-46.019266 -112.193158,73.796705 -96.039273,-54.209856 106.504241,-6.018983 -78.853246,65.707759 93.555400,-84.564304 -89.595226,34.116072 -46.045494,25.850782 129.787355,-46.019266 -22.193158,73.796705 -6.039273,-14.299900 162.438746,-6.018983 11.146754,65.707759 -176.444600,-54.209856 -163.495759,34.116072 43.954506,25.850782 -140.212645,-84.564304 0.404774
-16.119101 72.435540,-44.214883 -112.091366,75.553495 -94.542602,-56.006257 106.723898,-4.197500 -78.863831,63.916911 94.054958,-83.108793 -79.784651,35.931082 -46.001423,24.031938 129.800376,-44.214883 -22.091366,75.553495 -4.542602,-16.119101 162.435540,-4.197500 11.136169,63.916911 -175.945042,-56.006257 -163.276102,35.931082 43.998577,24.031938 -140.199624,-83.108793 10.215349
-17.937731 72.434566,-42.409281 -112.003003,77.295907 -92.609948,-57.800883 106.977056,-2.375773 -78.874938,62.123192 94.479565,-81.520582 -73.545255,37.745259 -45.949441,22.212549 129.809561,-42.409281 -22.003003,77.295907 -2.609948,-17.937731 162.434566,-2.375773 11.125062,62.123192 -175.520435,-57.800883 -163.022944,37.745259 44.050559,22.212549 -140.190439,-81.520582 16.454745
-19.755742 72.436140,-40.602507 -111.926526,79.017278 -90.040293,-59.593567 107.269682,-0.553855 -78.886334,60.327008 94.842781,-79.861721 -69.336511,39.558558 -45.888601,20.392660 129.815325,-40.602507 -21.926526,79.017278 -0.040293,-19.755742 162.436140,-0.553855 11.113666,60.327008 -175.157219,-59.593567 -162.730318,39.558558 44.111399,20.392660 -140.184675,-79.861721 20.663489
-21.573090 72.440604,-38.794605 -111.860602,80.706100 -86.495062,-61.384100 107.609214,1.268202 -78.897792,58.528669 95.155112,-78.161737 -66.347719,41.370934 -45.817821,18.572318 129.818049,-38.794605 -21.860602,80.706100 3.504938,-21.573090 162.440604,1.268202 11.102208,58.528669 -174.844888,-61.384100 -162.390786,41.370934 44.182179,18.572318 -140.181951,-78.161737 23.652281
-23.389731 72.448324,-36.985617 -111.804076,82.341004 -81.370235,-63.172210 108.005047,3.090344 -78.909084,56.728418 95.424824,-76.435943 -64.135957,43.182338 -45.735863,16.751572 129.818085,-36.985617 -21.804076,82.341004 8.629765,-23.389731 162.448324,3.090344 11.090916,56.728418 -174.575176,-63.172210 -161.994953,43.182338 44.264137,16.751572 -140.181915,-76.435943 25.864043
-25.205621 72.459702,-35.175583 -111.755935,83.878836 -73.530002,-64.957545 108.469213,4.912517 -78.919980,54.926448 95.658506,-74.692922 -62.445015,44.992719 -45.641293,14.930469 129.815760,-35.175583 -21.755935,83.878836 16.469998,-25.205621 162.459702,4.912517 11.080020,54.926448 -174.341494,-64.957545 -161.530787,44.992719 44.358707,14.930469 -140.184240,-74.692922 27.554985
-27.020719 72.475175,-33.364541 -111.715291,85.225068 -60.836889,-66.739640 109.017376,6.734670 -78.930248,53.122910 95.861478,-72.937804 -61.118350,46.802021 -45.532448,13.109061 129.811381,-33.364541 -21.715291,85.225068 29.163111,-27.020719 162.475175,6.734670 11.069752,53.122910 -174.138522,-66.739640 -160.982624,46.802021 44.467552,13.109061 -140.188619,-72.937804 28.881650
-28.834984 72.495222,-31.552529 -111.681359,86.172089 -40.208359,-68.517866 109.670304,8.556748 -78.939649,51.317932 96.038079,-71.173826 -60.055628,48.610182 -45.407380,11.287396 129.805233,-31.552529 -21.681359,86.172089 49.791641,-28.834984 162.495222,8.556748 11.060351,51.317932 -173.961921,-68.517866 -160.329696,48.610182 44.592620,11.287396 -140.194767,-71.173826 29.944372
-30.648376 72.520375,-29.739587 -111.653443,86.390748 -12.392814,-70.291362 110.456102,10.378700 -78.947940,49.511615 96.191887,-69.403115 -59.189862,50.417131 -45.263795,9.465527 129.797591,-29.739587 -21.653443,86.390748 77.607186,-30.648376 162.520375,10.378700 11.052060,49.511615 -173.808113,-70.291362 -159.543898,50.417131 44.736205,9.465527 -140.202409,-69.403115 30.810138
-32.460857 72.551224,-27.925752 -111.630919,85.766655 12.553923,-72.058915 111.413722,12.200473 -78.954867,47.704049 96.325880,-67.627121 -58.474750,52.222789 -45.098969,7.643506 129.788712,-27.925752 -21.630919,85.766655 102.553923,-32.460857 162.551224,12.200473 11.045133,47.704049 -173.674120,-72.058915 -158.586278,52.222789 44.901031,7.643506 -140.211288,-67.627121 31.525250
-34.272388 72.588427,-26.111064 -111.613228,84.583646 28.845059,-73.818775 112.598662,14.022015 -78.960163,45.895308 96.442553,-65.846865 -57.877321,54.027060 -44.909641,5.821383 129.778846,-26.111064 -21.613228,84.583646 118.845059,-34.272388 162.588427,14.022015 11.039837,45.895308 -173.557447,-73.818775 -157.401338,54.027060 45.090359,5.821383 -140.221154,-65.846865 32.122679
-36.082929 72.632725,-24.295564 -111.599865,83.124337 38.756189,-75.568327 114.092557,15.843277 -78.963549,44.085458 96.544019,-64.063079 -57.373494,55.829829 -44.691875,3.999214 129.768234,-24.295564 -21.599865,83.124337 128.756189,-36.082929 162.632725,15.843277 11.036451,44.085458 -173.455981,-75.568327 -155.907443,55.829829 45.308125,3.999214 -140.231766,-64.063079 32.626506
-37.892444 72.684951,-22.479293 -111.590372,81.530267 45.043921,-77.303522 116.020112,17.664207 -78.964730,42.274558 96.632075,-62.276303 -56.945281,57.630959 -44.440871,2.177049 129.757111,-22.479293 -21.590372,81.530267 135.043921,-37.892444 162.684951,17.664207 11.035270,42.274558 -173.367925,-77.303522 -153.979888,57.630959 45.559129,2.177049 -140.242889,-62.276303 33.054719
-39.700893 72.746052,-20.662292 -111.584332,79.864717 49.276886,-79.017765 118.580429,19.484756 -78.963389,40.462661 96.708264,-60.486940 -56.578986,59.430278 -44.150715,0.354944 129.745707,-20.662292 -21.584332,79.864717 139.276886,-39.700893 162.746052,19.484756 11.036611,40.462661 -173.291736,-79.017765 -151.419571,59.430278 45.849285,0.354944 -140.254293,-60.486940 33.421014
-41.508234 72.817110,-18.844606 -111.581361,78.157695 52.278391,-80.699687 122.108187,21.304877 -78.959188,38.649816 96.773918,-58.695300 -56.264003,61.227571 -43.814037,-1.467050 129.734251,-18.844606 -21.581361,78.157695 142.278391,-41.508234 162.817110,21.304877 11.040812,38.649816 -173.226082,-80.699687 -147.891813,61.227571 46.185963,-1.467050 -140.265749,-58.695300 33.735997
-43.314427 72.899366,-17.026279 -111.581105,76.424716 54.497039,-82.328229 127.198984,23.124521 -78.951759,36.836072 96.830192,-56.901619 -55.991987,63.022564 -43.421533,-3.288879 129.722972,-17.026279 -21.581105,76.424716 144.497039,-43.314427 162.899366,23.124521 11.048241,36.836072 -173.169808,-82.328229 -142.801016,63.022564 46.578467,-3.288879 -140.277028,-56.901619 34.008013
-45.119425 72.994252,-15.207357 -111.583236,74.674461 56.191749,-83.860998 134.969654,24.943643 -78.940705,35.021472 96.878098,-55.106085 -55.756289,64.814902 -42.961286,-5.110491 129.712098,-15.207357 -21.583236,74.674461 146.191749,-45.119425 162.994252,24.943643 11.059295,35.021472 -173.121902,-83.860998 -135.030346,64.814902 47.038714,-5.110491 -140.287902,-55.106085 34.243711
-46.923177 73.103434,-13.387887 -111.587446,72.912113 57.520435,-85.205476 147.518191,26.762196 -78.925592,33.206060 96.918522,-53.308846 -55.551543,66.604117 -42.417789,-6.931832 129.701861,-13.387887 -21.587446,72.912113 147.520435,-46.923177 163.103434,26.762196 11.074408,33.206060 -173.081478,-85.205476 -122.481809,66.604117 47.582211,-6.931832 -140.298139,-53.308846 34.448457
-48.725629 73.228858,-11.567917 -111.593449,71.140936 58.584165,-86.158797 167.893849,28.580135 -78.905940,31.389881 96.952250,-51.510023 -55.373371,68.389582 -41.770494,-8.752851 129.692501,-11.567917 -21.593449,71.140936 148.584165,-48.725629 163.228858,28.580135 11.094060,31.389881 -173.047750,-86.158797 -102.106151,68.389582 48.229506,-8.752851 -140.307499,-51.510023 34.626629
-50.526715 73.372818,-9.747496 -111.600969,69.363079 59.450338,-86.396024 -164.477747,30.397417 -78.881223,29.572977 96.979978,-49.709713 -55.218165,70.170437 -40.991600,-10.573497 129.684262,-9.747496 -21.600969,69.363079 149.450338,-50.526715 163.372818,30.397417 11.118777,29.572977 -173.020022,-86.396024 -74.477747,70.170437 49.008400,-10.573497 -140.315738,-49.709713 34.781835
-52.326362 73.538039,-7.926674 -111.609748,67.580007 60.165494,-85.794209 -139.428980,32.213997 -78.850855,27.755391 97.002327,-47.907998 -55.082924,71.945479 -40.042595,-12.393720 129.677397,-7.926674 -21.609748,67.580007 150.165494,-52.326362 163.538039,32.213997 11.149145,27.755391 -172.997673,-85.794209 -49.428980,71.945479 49.957405,-12.393720 -140.322603,-47.907998 34.917076
-54.124480 73.727779,-6.105503 -111.619535,65.792750 60.762748,-84.628275 -122.958034,34.029834 -78.814180,25.937168 97.019858,-46.104949 -54.965132,73.712970 -38.868643,-14.213469 129.672173,-6.105503 -21.619535,65.792750 150.762748,-54.124480 163.727779,34.029834 11.185820,25.937168 -172.980142,-84.628275 -32.958034,73.712970 51.131357,-14.213469 -140.327827,-46.104949 35.034868
-55.920961 73.945972,-4.284032 -111.630090,64.002051 61.266270,-83.181636 -112.920264,35.844882 -78.770464,24.118352 97.033073,-44.300625 -54.862660,75.470327 -37.389120,-16.032696 129.668869,-4.284032 -21.630090,64.002051 151.266270,-55.920961 163.945972,35.844882 11.229536,24.118352 -172.966927,-83.181636 -22.920264,75.470327 52.610880,-16.032696 -140.331131,-44.300625 35.137340
-57.715675 74.197414,-2.462316 -111.641177,62.208458 61.694103,-81.597948 -106.553888,37.659100 -78.718878,22.298987 97.042430,-42.495079 -54.773695,77.213546 -35.480956,-17.851354 129.667782,-2.462316 -21.641177,62.208458 151.694103,-57.715675 164.197414,37.659100 11.281122,22.298987 -172.957570,-81.597948 -16.553888,77.213546 54.519044,-17.851354 -140.332218,-42.495079 35.226305
-59.508456 74.488010,-0.640405 -111.652565,60.412383 62.059976,-79.941614 -102.271027,39.472441 -78.658482,20.479121 97.048348,-40.688360 -54.696685,78.936126 -32.947784,-19.669396 129.669228,-0.640405 -21.652565,60.412383 152.059976,-59.508456 164.488010,39.472441 11.341518,20.479121 -172.951652,-79.941614 -12.271027,78.936126 57.052216,-19.669396 -140.330772,-40.688360 35.303315
-61.299096 74.825120,1.181646 -111.664025,58.614141 62.374523,-78.243163 -99.236303,41.284862 -78.588201,18.658800 97.051208,-38.880511 -54.630288,80.626869 -29.459734,-21.486776 129.673546,1.181646 -21.664025,58.614141 152.374523,-61.299096 164.825120,41.284862 11.411799,18.658800 -172.948792,-78.243163 -9.236303,80.626869 60.540266,-21.486776 -140.326454,-38.880511 35.369712
-63.087328 75.218030,3.003785 -111.675330,56.813976 62.646098,-76.518365 -96.994468,43.096313 -78.506804,16.838071 97.051364,-37.071574 -54.573339,82.265066 -24.429939,-23.303451 129.681103,3.003785 -21.675330,56.813976 152.646098,-63.087328 165.218030,43.096313 11.493196,16.838071 -172.948636,-76.518365 -6.994468,82.265066 65.570061,-23.303451 -140.318897,-37.071574 35.426661
-64.872805 75.678629,4.825958 -111.686250,55.012084 62.881363,-74.776026 -95.282902,44.906744 -78.412870,15.016985 97.049144,-35.261588 -54.524820,83.809061 -16.757021,-25.119378 129.692298,4.825958 -21.686250,55.012084 152.881363,-64.872805 165.678629,44.906744 11.587130,15.016985 -172.950856,-74.776026 -5.282902,83.809061 73.242979,-25.119378 -140.307702,-35.261588 35.475180
-66.655066 76.222380,6.648113 -111.696553,53.208618 63.085688,-73.021399 -93.941537,46.716098 -78.304744,13.195590 97.044856,-33.450593 -54.483839,85.167895 -4.362236,-26.934515 129.707565,6.648113 -21.696553,53.208618 153.085688,-66.655066 166.222380,46.716098 11.695256,13.195590 -172.955144,-73.021399 -3.941537,85.167895 85.637764,-26.934515 -140.292435,-33.450593 35.516161
-68.433494 76.869764,8.470196 -111.706001,51.403705 63.263456,-71.257787 -92.867995,48.524315 -78.180496,11.373936 97.038786,-31.638627 -54.449605,86.140934 15.837677,-28.748820 129.727383,8.470196 -21.706001,51.403705 153.263456,-68.433494 166.869764,48.524315 11.819504,11.373936 -172.961214,-71.257787 -2.867995,86.140934 105.837677,-28.748820 -140.272617,-31.638627 35.550395
-70.207239 77.648472,10.292155 -111.714350,49.597450 63.418276,-69.487358 -91.994050,50.331324 -78.037848,9.552076 97.031209,-29.825728 -54.421418,86.400496 43.489912,-30.562255 129.752281,10.292155 -21.714350,49.597450 153.418276,-70.207239 167.648472,50.331324 11.962152,9.552076 -172.968791,-69.487358 -1.994050,86.400496 133.489912,-30.562255 -140.247719,-29.825728 35.578582
-71.975109 78.596834,12.113937 -111.721348,47.789941 63.553149,-67.711590 -91.272612,52.137045 -77.874100,7.730060 97.022383,-28.011934 -54.398650,85.811780 68.798731,-32.374780 129.782845,12.113937 -21.721348,47.789941 153.553149,-71.975109 168.596834,52.137045 12.125900,7.730060 -172.977617,-67.711590 -1.272612,85.811780 158.798731,-32.374780 -140.217155,-28.011934 35.601350
-73.735384 79.769385,13.935492 -111.726727,45.981255 63.670595,-65.931518 -90.670195,53.941384 -77.686020,5.907942 97.012558,-26.197286 -54.380741,84.647705 85.475385,-34.186356 129.819731,13.935492 -21.726727,45.981255 153.670595,-73.735384 169.769385,53.941384 12.313980,5.907942 -172.987442,-65.931518 -0.670195,84.647705 175.475385,-34.186356 -140.180269,-26.197286 35.619259
-75.485503 81.246213,15.756768 -111.730211,44.171456 63.772740,-64.147886 -90.162368,55.744228 -77.469705,4.085773 97.001976,-24.381824 -54.367184,83.197422 95.617296,-35.996946 129.863673,15.756768 -21.730211,44.171456 153.772740,-75.485503 171.246213,55.744228 12.530295,4.085773 -172.998024,-64.147886 -0.162368,83.197422 -174.382704,-35.996946 -140.136327,-24.381824 35.632816
-77.221503 83.149422,17.577715 -111.731504,42.360604 63.861397,-62.361242 -89.730902,57.545439 -77.220404,2.263607 96.990872,-22.565588 -54.357517,81.607935 102.033682,-37.806510 129.915502,17.577715 -21.731504,42.360604 153.861397,-77.221503 173.149422,57.545439 12.779596,2.263607 -173.009128,-62.361242 0.269098,81.607935 -167.966318,-37.806510 -140.084498,-22.565588 35.642483
-78.936948 85.673523,19.398284 -111.730290,40.548753 63.938118,-60.571995 -89.361927,59.344848 -76.932261,0.441498 96.979477,-20.748621 -54.351322,79.944938 106.341544,-39.615010 129.976158,19.398284 -21.730290,40.548753 153.938118,-78.936948 175.673523,59.344848 13.067739,0.441498 -173.020523,-60.571995 0.638073,79.944938 -163.658456,-39.615010 -140.023842,-20.748621 35.648678
-80.620776 89.144626,21.218426 -111.726233,38.735953 64.004244,-58.780456 -89.044710,61.142243 -76.597986,-1.380503 96.968018,-18.930967 -54.348213,78.239460 109.389364,-41.422406 130.046717,21.218426 -21.726233,38.735953 154.004244,-80.620776 179.144626,61.142243 13.402014,-1.380503 -173.031982,-58.780456 0.955290,78.239460 -160.610636,-41.422406 -139.953283,-18.930967 35.651787
-82.252572 94.141488,23.038094 -111.718966,36.922250 64.060941,-56.986868 -88.770815,62.937353 -76.208380,-3.202341 96.956725,-17.112669 -54.347836,76.507481 111.638286,-43.228654 130.128410,23.038094 -21.718966,36.922250 154.060941,-82.252572 -175.858512,62.937353 13.791620,-3.202341 -173.043275,-56.986868 1.229185,76.507481 -158.361714,-43.228654 -139.871590,-17.112669 35.652164
-83.791411 101.747228,24.857241 -111.708094,35.107690 64.109223,-55.191418 -88.533522,64.729827 -75.751668,-5.023964 96.945826,-15.293774 -54.349860,74.757909 113.353730,-45.033709 130.222661,24.857241 -21.708094,35.107690 154.109223,-83.791411 -168.252772,64.729827 14.248332,-5.023964 -173.054174,-55.191418 1.466478,74.757909 -156.646270,-45.033709 -139.777339,-15.293774 35.650140
-85.148255 114.002197,26.675822 -111.693184,33.292316 64.149984,-53.394258 -88.327412,66.519203 -75.212545,-6.845319 96.935555,-13.474329 -54.353979,72.996050 114.697179,-46.837522 130.331121,26.675822 -21.693184,33.292316 154.149984,-85.148255 -155.997803,66.519203 14.787455,-6.845319 -173.064445,-53.394258 1.672588,72.996050 -155.302821,-46.837522 -139.668879,-13.474329 35.646021
-86.127065 133.953205,28.493792 -111.673759,31.476172 64.184014,-51.595507 -88.148065,68.304863 -74.570741,-8.666355 96.926147,-11.654382 -54.359902,71.225237 115.771766,-48.640037 130.455725,28.493792 -21.673759,31.476172 154.184014,-86.127065 -136.046795,68.304863 15.429259,-8.666355 -173.073853,-51.595507 1.851935,71.225237 -154.228234,-48.640037 -139.544275,-11.654382 35.640098
-86.404689 161.407093,30.311106 -111.649296,29.659301 64.212012,-49.795266 -87.991840,70.085961 -73.798868,-10.487020 96.917849,-9.833982 -54.367357,69.447660 116.646140,-50.441190 130.598747,30.311106 -21.649296,29.659301 154.212012,-86.404689 -108.592907,70.085961 16.201132,-10.487020 -173.082151,-49.795266 2.008160,69.447660 -153.353860,-50.441190 -139.401253,-9.833982 35.632643
-85.838376 -173.192857,32.127720 -111.619210,27.841747 64.234604,-47.993616 -87.855711,71.861313 -72.859027,-12.307264 96.910913,-8.013178 -54.376081,67.664810 117.367636,-52.240907 130.762889,32.127720 -21.619210,27.841747 154.234604,-85.838376 -83.192857,71.861313 17.140973,-12.307264 -173.089087,-47.993616 2.144289,67.664810 -152.632364,-52.240907 -139.237111,-8.013178 35.623919
-84.691643 -156.335240,33.943593 -111.582850,26.023553 64.252351,-46.190629 -87.737140,73.629213 -71.697331,-14.127036 96.905605,-6.192021 -54.385826,65.877733 117.969886,-54.039099 130.951381,33.943593 -21.582850,26.023553 154.252351,-84.691643 -66.335240,73.629213 18.302669,-14.127036 -173.094395,-46.190629 2.262860,65.877733 -152.030114,-54.039099 -139.048619,-6.192021 35.614174
-83.254184 -146.063914,35.758680 -111.539487,24.204764 64.265761,-44.386364 -87.633984,75.387128 -70.234685,-15.946289 96.902203,-4.370564 -54.396350,64.087184 118.477412,-55.835662 131.168122,35.758680 -21.539487,24.204764 154.265761,-83.254184 -56.063914,75.387128 19.765315,-15.946289 -173.097797,-44.386364 2.366016,64.087184 -151.522588,-55.835662 -138.831878,-4.370564 35.603650
-81.675155 -139.567087,37.572938 -111.488295,22.385425 64.275292,-42.580876 -87.544415,77.131140 -68.350577,-17.764975 96.901004,-2.548858 -54.407417,62.293719 118.908501,-57.630463 131.417860,37.572938 -21.488295,22.385425 154.275292,-81.675155 -49.567087,77.131140 21.649423,-17.764975 -173.098996,-42.580876 2.455585,62.293719 -151.091499,-57.630463 -138.582140,-2.548858 35.592583
-80.021414 -135.208292,39.386322 -111.428340,20.565581 64.281363,-40.774211 -87.466869,78.854904 -65.853166,-19.583047 96.902322,-0.726956 -54.418795,60.497754 119.277056,-59.423340 131.706443,39.386322 -21.428340,20.565581 154.281363,-80.021414 -45.208292,78.854904 24.146834,-19.583047 -173.097678,-40.774211 2.533131,60.497754 -150.722944,-59.423340 -138.293557,-0.726956 35.581205
-78.324531 -132.126642,41.198788 -111.358556,18.745281 64.284360,-38.966414 -87.399995,80.547524 -62.421018,-21.400460 96.906495,1.095090 -54.430257,58.699608 119.593836,-61.214087 132.041150,41.198788 -21.358556,18.745281 154.284360,-78.324531 -42.126642,80.547524 27.578982,-21.400460 -173.093505,-38.966414 2.600005,58.699608 -150.406164,-61.214087 -137.958850,1.095090 35.569743
-76.600747 -129.854158,43.010286 -111.277718,16.924570 64.284637,-37.157528 -87.342621,82.188923 -57.483859,-23.217170 96.913890,2.917226 -54.441575,56.899530 119.867291,-63.002441 132.431165,43.010286 -21.277718,16.924570 154.284637,-76.600747 -39.854158,82.188923 32.516141,-23.217170 -173.086110,-37.157528 2.657379,56.899530 -150.132709,-63.002441 -137.568835,2.917226 35.558425
-74.859103 -128.121614,44.820766 -111.184414,15.103500 64.282524,-35.347591 -87.293723,83.738887 -49.973661,-25.033133 96.924902,4.739399 -54.452518,55.097716 120.104150,-64.788058 132.888231,44.820766 -21.184414,15.103500 154.282524,-74.859103 -38.121614,83.738887 40.026339,-25.033133 -173.075098,-35.347591 2.706277,55.097716 -149.895850,-64.788058 -137.111769,4.739399 35.547482
-73.104974 -126.765322,46.630173 -111.077004,13.282118 64.278327,-33.536643 -87.252402,85.109886 -37.869617,-26.848308 96.939966,6.561556 -54.462856,53.294322 120.309839,-66.570484 133.427615,46.630173 -21.077004,13.282118 154.278327,-73.104974 -36.765322,85.109886 52.130383,-26.848308 -173.060034,-33.536643 2.747598,53.294322 -149.690161,-66.570484 -136.572385,6.561556 35.537144
-71.341732 -125.680809,48.438446 -110.953570,11.460476 64.272336,-31.724722 -87.217864,86.108138 -18.096709,-28.662654 96.959556,8.383643 -54.472350,51.489475 120.488781,-68.349111 134.069518,48.438446 -20.953570,11.460476 154.272336,-71.341732 -35.680809,86.108138 71.903291,-28.662654 -173.040444,-31.724722 2.782136,51.489475 -149.511219,-68.349111 -135.930482,8.383643 35.527650
-69.571590 -124.798579,50.245514 -110.811854,9.638624 64.264824,-29.911867 -87.189404,86.408221 9.366046,-30.476131 96.984200,10.205609 -54.480758,49.683282 120.644619,-70.123102 134.841221,50.245514 -20.811854,9.638624 154.264824,-69.571590 -34.798579,86.408221 99.366046,-30.476131 -173.015800,-29.911867 2.810596,49.683282 -149.355381,-70.123102 -135.158779,10.205609 35.519242
-67.796049 -124.070741,52.051298 -110.649176,7.816614 64.256051,-28.098115 -87.166393,85.855622 35.022231,-32.288700 97.014481,12.027401 -54.487825,47.875831 120.780380,-71.891285 135.780448,52.051298 -20.649176,7.816614 154.256051,-67.796049 -34.070741,85.855622 125.022231,-32.288700 -172.985519,-28.098115 2.833607,47.875831 -149.219620,-71.891285 -134.219552,12.027401 35.512175
-66.016162 -123.463282,53.855705 -110.462334,5.994500 64.246269,-26.283507 -87.148265,84.711148 52.091077,-34.100322 97.051050,13.848968 -54.493288,46.067199 120.898602,-73.651970 136.940787,53.855705 -20.462334,5.994500 154.246269,-66.016162 -33.463282,84.711148 142.091077,-34.100322 -172.948950,-26.283507 2.851735,46.067199 -149.101398,-73.651970 -133.059213,13.848968 35.506712
-64.232686 -122.951415,55.658622 -110.247461,4.172332 64.235717,-24.468082 -87.134511,83.270208 62.470247,-35.910960 97.094639,15.670258 -54.496868,44.257452 121.001431,-75.402648 138.400818,55.658622 -20.247461,4.172332 154.235717,-64.232686 -32.951415,83.270208 152.470247,-35.910960 -172.905361,-24.468082 2.865489,44.257452 -148.998569,-75.402648 -131.599182,15.670258 35.503132
-62.446175 -122.516663,57.459915 -109.999849,2.350165 64.224633,-22.651882 -87.124670,81.685443 69.018822,-37.720574 97.146073,17.491222 -54.498272,42.446649 121.090691,-77.139438 140.280109,57.459915 -19.999849,2.350165 154.224633,-62.446175 -32.516663,81.685443 159.018822,-37.720574 -172.853927,-22.651882 2.875330,42.446649 -148.909309,-77.139438 -129.719891,17.491222 35.501728
-60.657044 -122.144984,59.259414 -109.713704,0.528052 64.213246,-20.834949 -87.118318,80.025066 73.403426,-39.529125 97.206287,19.311810 -54.497185,40.634844 121.167948,-78.856061 142.768709,59.259414 -19.713704,0.528052 154.213246,-60.657044 -32.144984,80.025066 163.403426,-39.529125 -172.793713,-20.834949 2.881682,40.634844 -148.832052,-78.856061 -127.231291,19.311810 35.502815
-58.865608 -121.825515,61.056911 -109.381811,-1.293955 64.201785,-19.017326 -87.115071,78.321167 76.498570,-41.336574 97.276349,21.131974 -54.493270,38.822088 121.234550,-80.541751 146.184419,61.056911 -19.381811,-1.293955 154.201785,-58.865608 -31.825515,78.321167 166.498570,-41.336574 -172.723651,-19.017326 2.884929,38.822088 -148.765450,-80.541751 -123.815581,21.131974 35.506730
-57.072113 -121.549726,62.852136 -108.995076,-3.115802 64.190479,-17.199058 -87.114572,76.590206 78.778347,-43.142878 97.357482,22.951665 -54.486165,37.008427 121.291670,-82.176714 151.089703,62.852136 -18.995076,-3.115802 154.190479,-57.072113 -31.549726,76.590206 168.778347,-43.142878 -172.642518,-17.199058 2.885428,37.008427 -148.708330,-82.176714 -118.910297,22.951665 35.513835
-55.276748 -121.310826,64.644744 -108.541866,-4.937437 64.179557,-15.380191 -87.116490,74.841330 80.514882,-44.947991 97.451101,24.770838 -54.475473,35.193906 121.340331,-83.721434 158.535023,64.644744 -18.541866,-4.937437 154.179557,-55.276748 -31.310826,74.841330 170.514882,-44.947991 -172.548899,-15.380191 2.883510,35.193906 -148.659669,-83.721434 -111.464977,24.770838 35.524527
-53.479665 -121.103341,66.434280 -108.007069,-6.758806 64.169250,-13.560771 -87.120515,73.079968 81.873323,-46.751864 97.558845,26.589447 -54.460765,33.378570 121.381431,-85.090215 170.503890,66.434280 -18.007069,-6.758806 154.169250,-53.479665 -31.103341,73.079968 171.873323,-46.751864 -172.441155,-13.560771 2.879485,33.378570 -148.618569,-85.090215 -99.496110,26.589447 35.539235
-51.680988 -120.922810,68.220134 -107.370696,-8.579858 64.159796,-11.740846 -87.126359,71.309524 82.958919,-48.554442 97.682633,28.407447 -54.441567,31.562462 121.415764,-86.093724 -169.967812,68.220134 -17.370696,-8.579858 154.159796,-51.680988 -30.922810,71.309524 172.958919,-48.554442 -172.317367,-11.740846 2.873641,31.562462 -148.584236,-86.093724 -79.967812,28.407447 35.558433
-49.880815 -120.765560,70.001472 -106.605759,-10.400542 64.151439,-9.920466 -87.133747,69.532230 83.841600,-50.355661 97.824723,30.224793 -54.417355,29.745625 121.444034,-86.411342 -142.713843,70.001472 -16.605759,-10.400542 154.151439,-49.880815 -30.765560,69.532230 173.841600,-50.355661 -172.175277,-9.920466 2.866253,29.745625 -148.555966,-86.411342 -52.713843,30.224793 35.582645
-48.079231 -120.628537,71.777131 -105.674962,-12.220806 64.144433,-8.099680 -87.142417,67.749604 84.569510,-52.155448 97.987793,32.041442 -54.387551,27.928102 121.466869,-85.881244 -116.977893,71.777131 -15.674962,-12.220806 154.144433,-48.079231 -30.628537,67.749604 174.569510,-52.155448 -172.012207,-8.099680 2.857583,27.928102 -148.533131,-85.881244 -26.977893,32.041442 35.612449
-46.276306 -120.509184,73.545434 -104.525348,-14.040603 64.139041,-6.278539 -87.152119,65.962709 85.176811,-53.953715 98.175047,33.857351 -54.351505,26.109937 121.484835,-84.754384 -99.727219,73.545434 -14.525348,-14.040603 154.139041,-46.276306 -30.509184,65.962709 175.176811,-53.953715 -171.824953,-6.278539 2.847881,26.109937 -148.515165,-84.754384 -9.727219,33.857351 35.648495
-44.472101 -120.405338,75.303897 -103.079310,-15.859882 64.135542,-4.457095 -87.162611,64.172311 85.688382,-55.750358 98.390345,35.672476 -54.308492,24.291175 121.498440,-83.326427 -89.215830,75.303897 -13.079310,-15.859882 154.135542,-44.472101 -30.405338,64.172311 175.688382,-55.750358 -171.609655,-4.457095 2.837389,24.291175 -148.501560,-83.326427 0.784170,35.672476 35.691508
-42.666669 -120.315161,77.048689 -101.218837,-17.678595 64.134231,-2.635400 -87.173657,62.378973 86.122758,-57.545246 98.638394,37.486774 -54.257693,22.471861 121.508145,-81.752200 -82.584972,77.048689 -11.218837,-17.678595 154.134231,-42.666669 -30.315161,62.378973 176.122758,-57.545246 -171.361606,-2.635400 2.826343,22.471861 -148.491855,-81.752200 7.415028,37.486774 35.742307
-40.860059 -120.237076,78.773613 -98.756483,-19.496698 64.135422,-0.813505 -87.185026,60.583119 86.494020,-59.338219 98.924980,39.300201 -54.198177,20.652040 121.514372,-80.101120 -78.148371,78.773613 -8.756483,-19.496698 154.135422,-40.860059 -30.237076,60.583119 176.494020,-59.338219 -171.075020,-0.813505 2.814974,20.652040 -148.485628,-80.101120 11.851629,39.300201 35.801823
-39.052316 -120.169723,80.468067 -95.378993,-21.314143 64.139452,1.008535 -87.196490,58.785071 86.813053,-61.129072 99.257306,41.112711 -54.128886,18.831760 121.517507,-78.405840 -75.018772,80.468067 -5.378993,-21.314143 154.139452,-39.052316 -30.169723,58.785071 176.813053,-61.129072 -170.742694,1.008535 2.803510,18.831760 -148.482493,-78.405840 14.981228,41.112711 35.871114
-37.243480 -120.111922,82.112583 -90.532149,-23.130887 64.146685,2.830667 -87.207819,56.985081 87.088401,-62.917547 99.644450,42.924257 -54.048603,17.011069 121.517906,-76.683090 -72.715047,82.112583 -0.532149,-23.130887 154.146685,-37.243480 -30.111922,56.985081 177.088401,-62.917547 -170.355550,2.830667 2.792181,17.011069 -148.482094,-76.683090 17.284953,42.924257 35.951397
-35.433592 -120.062643,83.668329 -83.180210,-24.946887 64.157516,4.652840 -87.218786,55.183345 87.326867,-64.703303 100.098018,44.734787 -53.955927,15.190014 121.515898,-74.942152 -70.961165,83.668329 6.819790,-24.946887 154.157516,-35.433592 -30.062643,55.183345 177.326867,-64.703303 -169.901982,4.652840 2.781214,15.190014 -148.484102,-74.942152 19.038835,44.734787 36.044073
-33.622692 -120.020981,85.051070 -71.359417,-26.762100 64.172376,6.474999 -87.229157,53.380023 87.533930,-66.485894 100.633081,46.544246 -53.849228,13.368646 121.511794,-73.188528 -69.589714,85.051070 18.640583,-26.762100 154.172376,-33.622692 -30.020981,53.380023 177.533930,-66.485894 -169.366919,6.474999 2.770843,13.368646 -148.488206,-73.188528 20.410286,46.544246 36.150772
-31.810816 -119.986138,86.073742 -52.011040,-28.576486 64.191741,8.297091 -87.238697,51.575242 87.714055,-68.264718 101.269563,48.352573 -53.726603,11.547015 121.505881,-71.425662 -68.494076,86.073742 37.988960,-28.576486 154.191741,-31.810816 -29.986138,51.575242 177.714055,-68.264718 -168.730437,8.297091 2.761303,11.547015 -148.494119,-71.425662 21.505924,48.352573 36.273397
-29.998004 -119.957404,86.413911 -24.762912,-30.390005 64.216132,10.119064 -87.247162,49.769111 87.870917,-70.038952 102.034346,50.159701 -53.585812,9.725172 121.498436,-69.655809 -67.603455,86.413911 65.237088,-30.390005 154.216132,-29.998004 -29.957404,49.769111 177.870917,-70.038952 -167.965654,10.119064 2.752838,9.725172 -148.501564,-69.655809 22.396545,50.159701 36.414188
-28.184294 -119.934146,85.898138 1.224384,-32.202618 64.246130,11.940865 -87.254298,47.961718 88.007571,-71.807444 102.964555,51.965548 -53.424198,7.903169 121.489718,-67.880498 -66.869140,85.898138 91.224384,-32.202618 154.246130,-28.184294 -29.934146,47.961718 178.007571,-71.807444 -167.035445,11.940865 2.745702,7.903169 -148.510282,-67.880498 23.130860,51.965548 36.575802
-26.369725 -119.915799,84.773953 18.691751,-34.014286 64.282385,13.762444 -87.259844,46.153140 88.126575,-73.568534 104.112858,53.770022 -53.238586,6.081058 121.479977,-66.100799 -66.256583,84.773953 108.691751,-34.014286 154.282385,-26.369725 -29.915799,46.153140 178.126575,-73.568534 -165.887142,13.762444 2.740156,6.081058 -148.520023,-66.100799 23.743417,53.770022 36.761414
-24.554339 -119.901848,83.342684 29.314812,-35.824971 64.325623,15.583748 -87.263520,44.343445 88.230092,-75.319761 105.556356,55.573014 -53.025143,4.258891 121.469457,-64.317479 -65.740634,83.342684 119.314812,-35.824971 154.325623,-24.554339 -29.901848,44.343445 178.230092,-75.319761 -164.443644,15.583748 2.736480,4.258891 -148.530543,-64.317479 24.259366,55.573014 36.974857
-22.738174 -119.891830,81.762787 35.999222,-37.634635 64.376663,17.404729 -87.265034,42.532691 88.319959,-77.057329 107.412149,57.374387 -52.779208,2.436723 121.458393,-62.531102 -65.302567,81.762787 125.999222,-37.634635 154.376663,-22.738174 -29.891830,42.532691 178.319959,-77.057329 -162.587851,17.404729 2.734966,2.436723 -148.541607,-62.531102 24.697433,57.374387 37.220792
-20.921275 -119.885322,80.105098 40.462469,-39.443238 64.436437,19.225335 -87.264073,40.720933 88.397754,-78.775106 109.865944,59.173976 -52.495043,0.614606 121.447015,-60.742087 -64.928158,80.105098 130.462469,-39.443238 154.436437,-20.921275 -29.885322,40.720933 178.397754,-78.775106 -160.134056,19.225335 2.735927,0.614606 -148.552985,-60.742087 25.071842,59.173976 37.504957
-19.103684 -119.881936,78.402813 43.605971,-41.250740 64.506005,21.045520 -87.260300,38.908220 88.464834,-80.462614 113.227488,60.971573 -52.165513,-1.207407 121.435553,-58.950756 -64.606418,78.402813 133.605971,-41.250740 154.506005,-19.103684 -29.881936,38.908220 178.464834,-80.462614 -156.772512,21.045520 2.739700,-1.207407 -148.564447,-58.950756 25.393582,60.971573 37.834487
-17.285446 -119.881314,76.672892 45.917202,-43.057099 64.586583,22.865235 -87.253355,37.094601 88.522380,-82.100661 118.043477,62.766913 -51.781622,-3.029263 121.424234,-57.157353 -64.328719,76.672892 135.917202,-43.057099 154.586583,-17.285446 -29.881314,37.094601 178.522380,-82.100661 -151.956523,22.865235 2.746645,-3.029263 -148.575766,-57.157353 25.671281,62.766913 38.218378
-15.466606 -119.883124,74.924723 47.675192,-44.862270 64.679573,24.684434 -87.242844,35.280120 88.571422,-83.651078 125.332753,64.559655 -51.331880,-4.850909 121.413288,-55.362073 -64.088200,74.924723 137.675192,-44.862270 154.679573,-15.466606 -29.883124,35.280120 178.571422,-83.651078 -144.667247,24.684434 2.757156,-4.850909 -148.586712,-55.362073 25.911800,64.559655 38.668120
-13.647211 -119.887056,73.163865 49.048858,-46.666203 64.786605,26.503071 -87.228337,33.464822 88.612862,-85.031383 137.022887,66.349349 -50.801366,-6.672292 121.402947,-53.565070 -63.879331,73.163865 139.048858,-46.666203 154.786605,-13.647211 -29.887056,33.464822 178.612862,-85.031383 -132.977113,26.503071 2.771663,-6.672292 -148.597053,-53.565070 26.120669,66.349349 39.198634
-11.827309 -119.892820,71.393795 50.145618,-48.468844 64.909583,28.321100 -87.209363,31.648749 88.647500,-86.058813 156.131234,68.135395 -50.170363,-8.493360 121.393447,-51.766465 -63.697608,71.393795 140.145618,-48.468844 154.909583,-11.827309 -29.892820,31.648749 178.647500,-86.058813 -113.868766,28.321100 2.790637,-8.493360 -148.606553,-51.766465 26.302392,68.135395 39.829637
-10.006949 -119.900140,69.616788 51.036713,-50.270129 65.050747,30.138478 -87.185402,29.831946 88.676043,-86.415972 -176.839054,69.916971 -49.412279,-10.314062 121.385032,-49.966362 -63.539325,69.616788 141.036713,-50.270129 155.050747,-10.006949 -29.900140,29.831946 178.676043,-86.415972 -86.839054,30.138478 2.814598,-10.314062 -148.614968,-49.966362 26.460675,69.916971 40.587721
-8.186182 -119.908755,67.834388 51.771114,-52.069986 65.212752,31.955162 -87.155877,28.014455 88.699124,-85.922774 -150.784094,71.692932 -48.490408,-12.134348 121.377956,-48.164843 -63.401403,67.834388 141.771114,-52.069986 155.212752,-8.186182 -29.908755,28.014455 178.699124,-85.922774 -60.784094,31.955162 2.844123,-12.134348 -148.622044,-48.164843 26.598597,71.692932 41.509592
-6.365057 -119.918414,66.047677 52.383521,-53.868328 65.398775,33.771106 -87.120144,26.196320 88.717309,-84.816478 -133.134355,73.461633 -47.352703,-13.954168 121.372482,-46.361980 -63.281262,66.047677 142.383521,-53.868328 155.398775,-6.365057 -29.918414,26.196320 178.717309,-84.816478 -43.134355,33.771106 2.879856,-13.954168 -148.627518,-46.361980 26.718738,73.461633 42.647297
-4.543626 -119.928874,64.257431 52.899179,-55.665050 65.612643,35.586270 -87.077480,24.377585 88.731110,-83.398355 -122.376247,75.220637 -45.923013,-15.773472 121.368886,-44.557835 -63.176724,64.257431 142.899179,-55.665050 155.612643,-4.543626 -29.928874,24.377585 178.731110,-83.398355 -32.376247,35.586270 2.922520,-15.773472 -148.631114,-44.557835 26.823276,75.220637 44.076987
-2.721941 -119.939899,62.464223 53.336874,-57.460025 65.859014,37.400608 -87.027070,22.558296 88.740991,-81.829077 -115.607664,76.966193 -44.085762,-17.592214 121.367465,-42.752460 -63.085935,62.464223 143.336874,-57.460025 155.859014,-2.721941 -29.939899,22.558296 178.740991,-81.829077 -25.607664,37.400608 2.972930,-17.592214 -148.632535,-42.752460 26.914065,76.966193 45.914238
-0.900055 -119.951258,60.668480 53.710866,-59.253093 66.143619,39.214078 -86.967992,20.738499 88.747374,-80.180728 -111.091328,78.692255 -41.657776,-19.410346 121.368529,-40.945905 -63.007308,60.668480 143.710866,-59.253093 156.143619,-0.900055 -29.951258,20.738499 178.747374,-80.180728 -21.091328,39.214078 3.032008,-19.410346 -148.631471,-40.945905 26.992692,78.692255 48.342224
0.921979 -119.962721,58.870530 54.032171,-61.044053 66.473584,41.026633 -86.899191,18.918239 88.750648,-78.487088 -107.912729,80.388500 -38.333736,-21.227824 121.372416,-39.138214 -62.939473,58.870530 144.032171,-61.044053 156.473584,0.921979 -29.962721,18.918239 178.750648,-78.487088 -17.912729,41.026633 3.100809,-21.227824 -148.627584,-39.138214 27.060527,80.388500 51.666264
